Package,Built
acepack,3.4.3
anytime,3.4.3
arules,3.4.3
arulesViz,3.4.1
assertthat,3.4.1
backports,3.4.3
base64enc,3.4.1
BH,3.4.1
bindr,3.4.1
bindrcpp,3.4.1
bitops,3.4.1
boot,3.4.3
broom,3.4.3
callr,3.4.3
caTools,3.4.1
cellranger,3.4.3
checkmate,3.4.3
cli,3.4.3
clipr,3.4.3
clisymbols,3.4.3
colorspace,3.4.1
covr,3.4.3
crayon,3.4.3
crosstalk,3.4.1
curl,3.4.3
data.table,3.4.3
DBI,3.4.3
dbplyr,3.4.3
debugme,3.4.3
dendextend,3.4.3
DEoptimR,3.4.1
desc,3.4.3
devtools,3.4.3
dichromat,3.4.1
digest,3.4.3
diptest,3.4.1
dplyr,3.4.3
DT,3.4.3
enc,3.4.3
evaluate,3.4.1
flexmix,3.4.1
forcats,3.4.3
foreach,3.4.3
Formula,3.4.1
fpc,3.4.3
fs,3.4.3
gclus,3.4.1
gdata,3.4.1
gdtools,3.4.3
ggforce,3.4.3
ggplot2,3.4.3
ggplot2movies,3.4.1
ggraph,3.4.3
ggrepel,3.4.3
gh,3.4.3
git2r,3.4.3
glue,3.4.3
gplots,3.4.1
gridExtra,3.4.1
gtable,3.4.1
gtools,3.4.1
haven,3.4.3
here,3.4.3
hexbin,3.4.3
highr,3.4.1
Hmisc,3.4.3
hms,3.4.3
htmlTable,3.4.3
htmltools,3.4.1
htmlwidgets,3.4.3
httpuv,3.4.1
httr,3.4.1
igraph,3.4.1
ini,3.4.3
irlba,3.4.3
iterators,3.4.3
jsonlite,3.4.1
kernlab,3.4.1
knitr,3.4.3
labeling,3.4.1
latticeExtra,3.4.3
lazyeval,3.4.3
lmtest,3.4.1
lubridate,3.4.3
magrittr,3.4.1
manipulate,3.4.3
mapproj,3.4.3
maps,3.4.3
maptools,3.4.3
markdown,3.4.1
MASS,3.4.3
Matrix,3.4.3
MatrixModels,3.4.3
mclust,3.4.3
memoise,3.4.1
mgcv,3.4.3
mime,3.4.1
mnormt,3.4.1
modelr,3.4.3
modeltools,3.4.1
multcomp,3.4.3
munsell,3.4.1
mvtnorm,3.4.1
NLP,3.4.1
openxlsx,3.4.3
packrat,3.4.1
pacman,3.4.1
pillar,3.4.3
pkgconfig,3.4.1
plogr,3.4.1
plotly,3.4.1
plyr,3.4.3
prabclus,3.4.1
praise,3.4.3
ProjectTemplate,3.4.3
pspline,3.4.1
psych,3.4.3
purrr,3.4.3
qap,3.4.1
qcc,3.4.1
quantreg,3.4.3
R6,3.4.1
RApiDatetime,3.4.1
RColorBrewer,3.4.1
Rcpp,3.4.3
readbulk,3.4.3
readr,3.4.2
readxl,3.4.3
registry,3.4.3
rematch,3.4.3
rematch2,3.4.3
reprex,3.4.3
reshape2,3.4.3
rex,3.4.3
rJava,3.4.3
rlang,3.4.3
rmarkdown,3.4.3
robfilter,3.4.3
robustbase,3.4.3
RODBC,3.4.1
rprojroot,3.4.3
rstudio,3.4.1
rstudioapi,3.4.1
rvest,3.4.3
sandwich,3.4.3
scales,3.4.3
scatterplot3d,3.4.1
segmented,3.4.3
selectr,3.4.3
seriation,3.4.1
shiny,3.4.1
signal,3.4.3
slam,3.4.3
sourcetools,3.4.1
sp,3.4.3
SparseM,3.4.1
stringi,3.4.2
stringr,3.4.1
styler,3.4.3
svglite,3.4.3
testthat,3.4.3
TH.data,3.4.3
tibble,3.4.3
tidyr,3.4.3
tidyselect,3.4.3
tidyverse,3.4.3
tm,3.4.3
trimcluster,3.4.1
TSP,3.4.1
tweenr,3.4.3
udunits2,3.4.1
units,3.4.3
usethis,3.4.3
utf8,3.4.3
vcd,3.4.3
viridis,3.4.3
viridisLite,3.4.1
visNetwork,3.4.3
whisker,3.4.1
withr,3.4.3
XLConnect,3.4.3
XLConnectJars,3.4.3
xlsx,3.4.3
xlsxjars,3.4.3
xml2,3.4.3
xtable,3.4.1
yaml,3.4.3
zoo,3.4.3
